0,1
use-googl,68
app-store,54
play-store,52
amp-url,46
amp-speed,39
search-engin,29
go-googl,17
android-app,14
amp-googl,14
app-googl,13
play-on,12
app-avail,12
go-download,12
search-googl,10
app-download,8
play-music,8
app-tiktok,8
app-android,8
amp-page,8
search-result,7
app-develop,6
search-consol,6
android-play,6
amp-stori,5
nowplay-bad,5
app-httpstcocnvdhikh,5
search-bar,5
nowplay-googleplaymus,5
nowplay-the,5
go-get,5
android-phone,5
search-soon,5
go-httpstconojithofex,4
play-last,4
search-support,4
nowplay-dont,4
android-googl,4
amp-mostrar,4
go-rt,4
io-googl,4
play-te,4
app-india,4
search-i,4
search-how,4
android-httpstcoixkmgqumsp,4
play-game,4
app-disappear,4
amp-develop,3
app-game,3
amp-order,3
app-i,3
app-amp,3
app-link,3
use-amp,3
go-back,3
play-alexa,3
play-listen,3
app-either,3
go-away,3
amp-take,3
search-giant,3
android-q,3
search-histori,3
play-reconoc,3
nowplay-chopngameradio,3
app-de,3
search-term,3
nowplay-hurt,3
go-bed,2
amp-n,2
play-gift,2
play-download,2
play-around,2
android-samsungmobil,2
nowplay-my,2
nowplay-marshmello,2
nowplay-zedd,2
app-inindia,2
search-away,2
nowplay-letter,2
app-pass,2
nowplay-one,2
android-user,2
play-yet,2
nowplay-lauv,2
use-appl,2
search-someth,2
go-waterfront,2
amp-swae,2
amp-the,2
go-wannaon,2
amp-troy,2
amp-more,2
amp-web,2
amp-distribut,2
nowplay-i,2
nowplay-it,2
android-game,2
nowplay-high,2
amp-e,2
go-go,2
amp-share,2
amp-resourc,2
nowplay-post,2
nowplay-sucker,2
use-keep,2
app-io,2
app-play,2
search-read,2
amp-twitter,2
search-turn,2
search-lyric,2
nowplay-thank,2
app-httpstcoxbkmeihuw,2
nowplay-sweet,2
play-movi,2
use-slide,2
amp-show,2
app-from,2
amp-chris,1
android-gps,1
android-gt,1
android-httpstcotbazubez,1
android-httpstcoqqovmphg,1
android-httpstcoqceoevhf,1
amp-content,1
amp-coach,1
amp-busker,1
amp-accessori,1
amp-acceler,1
android-httpstcopbigdtznl,1
android-httpstcoahexekvg,1
amp-adam,1
amp-yohoo,1
amp-best,1
android-digitalmarket,1
amp-toni,1
amp-van,1
amp-all,1
android-httpstcornhtvzjc,1
amp-didnt,1
android-httpstcormajtckd,1
amp-want,1
amp-worth,1
amp-amazon,1
amp-year,1
amp-bakeri,1
amp-book,1
amp-bradley,1
android-httpstcoldppxxjl,1
android-httpstcomazvxdaao,1
amp-thell,1
amp-spit,1
android-httpstcohsdcyhri,1
amp-like,1
amp-limit,1
amp-link,1
amp-speedway,1
amp-mark,1
amp-obb,1
android-httpstcohhyfsgowr,1
android-httpstcohdakyhyxi,1
android-httpstcodgdgruqmv,1
amp-push,1
amp-small,1
android-httpstcodsfugunjx,1
amp-shop,1
android-httpstcojbfhrps,1
android-httpstcobhcakzfhb,1
amp-kodak,1
android-httpstcokprzeiojsl,1
amp-es,1
amp-sheet,1
amp-facebook,1
amp-fr,1
amp-thelabeat,1
amp-governor,1
amp-grammar,1
amp-kate,1
android-httpstcoaxeycsb,1
amp-heard,1
amp-httpstcokgvhbitpa,1
amp-httpstcolagbmwmi,1
android-httpstcokdxumsrwh,1
amp-httpstcoozkptusph,1
amp-legaci,1
amp-abel,1
use-without,1
search-el,1
nowplay-steal,1
nowplay-still,1
nowplay-that,1
nowplay-tightrop,1
nowplay-what,1
nowplay-without,1
nowplay-your,1
play-audio,1
play-bet,1
play-consol,1
play-detect,1
play-done,1
play-drum,1
play-hope,1
play-httpstcoexyclboc,1
play-httpstcomxewknfeun,1
play-httpstcowfsmarbi,1
play-may,1
play-newmus,1
play-nowplay,1
play-sad,1
search-algorithm,1
search-appreci,1
search-butterfli,1
search-czyolman,1
nowplay-shimmer,1
nowplay-say,1
nowplay-patienc,1
nowplay-girl,1
io-user,1
nowplay-alan,1
nowplay-alesso,1
nowplay-almost,1
nowplay-broken,1
nowplay-choke,1
nowplay-danc,1
nowplay-exit,1
nowplay-fast,1
nowplay-forgiv,1
nowplay-from,1
nowplay-gloria,1
nowplay-novaspac,1
nowplay-hardwel,1
nowplay-ill,1
nowplay-just,1
nowplay-kid,1
nowplay-kshmr,1
nowplay-last,1
nowplay-madison,1
nowplay-mark,1
nowplay-medicin,1
nowplay-mononom,1
nowplay-move,1
search-donat,1
search-explain,1
use-windscrib,1
search-find,1
search-would,1
search-yoga,1
search-you,1
use-anyth,1
use-bing,1
use-consid,1
use-dealership,1
use-drone,1
use-footag,1
use-gli,1
use-googleplaymus,1
use-hottest,1
use-httpstcokuamumeo,1
use-httpstcolmnaqxysvn,1
use-montreal,1
use-mother,1
use-nope,1
use-one,1
use-photo,1
use-proper,1
use-recommend,1
use-right,1
use-screen,1
use-screenshot,1
use-stay,1
search-wethepeoplehop,1
search-verifi,1
search-therealdjze,1
search-imag,1
search-first,1
search-g,1
search-her,1
search-httpstcodzcswb,1
search-httpstcogwfozpixzv,1
search-httpstcohvifehiwj,1
search-httpstcoktlehugew,1
search-httpstcopswudtiztn,1
search-httpstcoueqcerfd,1
search-httpstcoyorbydxm,1
search-ikhuerta,1
search-includ,1
search-tampa,1
search-indian,1
search-it,1
search-list,1
search-mighti,1
search-ms,1
search-offici,1
search-oper,1
search-pictur,1
search-rare,1
search-sporkchp,1
search-sure,1
android-httpstcotfqcrxgg,1
app-httpstcofrdfkkauhg,1
android-httpstcothlsmlo,1
search-beauti,1
play-lotteri,1
play-now,1
play-politicschri,1
play-pregoogl,1
play-prob,1
play-rain,1
play-steal,1
play-th,1
play-valkyri,1
play-without,1
play-x,1
search-ba,1
search-beignet,1
nowplay-modern,1
search-came,1
search-common,1
search-delet,1
search-emoji,1
search-extrem,1
search-get,1
search-guy,1
search-hey,1
search-httpstcodyvxeww,1
search-httpstcoekcslmwekj,1
search-httpstcoflilvshxb,1
search-httpstcokqzifan,1
play-indi,1
play-i,1
play-httpstcozrqncb,1
play-httpstcoyegdxirir,1
nowplay-numb,1
nowplay-old,1
nowplay-ragnbon,1
nowplay-smell,1
nowplay-so,1
nowplay-sossaw,1
nowplay-starlight,1
nowplay-talk,1
nowplay-trampolin,1
nowplay-wait,1
nowplay-walk,1
nowplay-whi,1
nowplay-who,1
play-amazon,1
play-and,1
play-anyon,1
play-appl,1
play-ball,1
play-coolbreez,1
play-definit,1
play-fart,1
play-go,1
play-httpstcoejdbdwgz,1
play-httpstcoljypvdlld,1
play-httpstcorpefjxolj,1
search-httpstcosunzkknp,1
search-httpstcovvmthyxfx,1
search-httpstcowkiiwhk,1
use-favorit,1
use-fvd,1
use-g,1
use-get,1
use-glossariesindexesgoogl,1
use-glow,1
use-googleb,1
use-ie,1
use-insur,1
use-live,1
use-manag,1
use-my,1
use-paypal,1
use-play,1
use-podcast,1
use-projectmanag,1
use-repli,1
use-send,1
use-socialmedia,1
use-to,1
use-troubleshoot,1
use-twitter,1
use-usa,1
use-vile,1
use-word,1
use-write,1
use-follow,1
use-dm,1
search-ice,1
use-caution,1
search-joycewhitev,1
search-leav,1
search-like,1
search-loop,1
search-need,1
search-phone,1
search-prevail,1
search-qualtric,1
search-rankingsu,1
search-sim,1
search-some,1
search-stop,1
search-toolbox,1
search-ufe,1
search-unearth,1
search-varieti,1
search-video,1
search-wnd,1
search-year,1
search-yield,1
use-adword,1
use-anachronist,1
use-ariel,1
use-bingor,1
use-blackhat,1
nowplay-now,1
nowplay-medic,1
android-httpstcotmzgjtsrd,1
go-block,1
app-httpstcoyfzyrikh,1
app-lo,1
app-now,1
app-reveal,1
app-search,1
app-still,1
app-user,1
app-way,1
app-with,1
go-ahead,1
go-anywher,1
go-autopilot,1
go-c,1
nowplay-mashup,1
go-charg,1
go-chrome,1
go-ckfutbol,1
go-dig,1
go-digit,1
go-httpstcoammugwyao,1
go-httpstcohqcxpffc,1
go-httpstcortgehaoo,1
go-httpstcoykahizucsl,1
go-i,1
go-jacket,1
go-left,1
app-httpstcowenezizil,1
app-httpstcouihjslwm,1
app-httpstcororvkgeav,1
app-httpstcoqyvepb,1
android-httpstcoubzlooygg,1
android-httpstcouwbutrqhz,1
android-httpstcovbrcrrza,1
android-httpstcovyqwryvi,1
android-httpstcowzfkhhnap,1
android-httpstcoznosnheur,1
android-httpstcozztdiya,1
android-io,1
android-uf,1
app-amazon,1
app-busi,1
app-but,1
app-check,1
app-cool,1
app-found,1
app-g,1
app-httpstcocxqilevpm,1
app-httpstcoddmquclo,1
app-httpstcoeuhnczwk,1
app-httpstcoffsgpkud,1
io-httpstcouufxrujb,1
app-httpstcoixfklxehgv,1
app-httpstcokngrkuwd,1
app-httpstcooqvmyogo,1
app-httpstcooujyzgu,1
go-like,1
go-local,1
go-megamillionsjackpot,1
nowplay-buri,1
nowplay-cant,1
nowplay-casual,1
nowplay-charli,1
nowplay-confid,1
nowplay-damn,1
nowplay-david,1
nowplay-deadbeat,1
nowplay-divin,1
nowplay-do,1
nowplay-elli,1
nowplay-exgirlfriend,1
nowplay-fantasi,1
nowplay-favorit,1
nowplay-fire,1
nowplay-galanti,1
nowplay-gave,1
nowplay-gold,1
nowplay-habit,1
nowplay-harmoni,1
nowplay-highway,1
nowplay-hysteria,1
nowplay-ladi,1
nowplay-let,1
nowplay-littl,1
nowplay-lohi,1
nowplay-candi,1
nowplay-britney,1
go-onlin,1
nowplay-beneficiari,1
go-post,1
go-postal,1
go-prove,1
go-realiz,1
go-rekey,1
go-result,1
go-run,1
go-see,1
go-turn,1
go-tweet,1
go-uueue,1
go-work,1
go-xplr,1
io-app,1
io-httpstcoecbylflhtu,1
io-httpstcofdjuvmbgz,1
io-httpstcomkgkxx,1
io-httpstcoolmjvvva,1
io-httpstcooyoxcwssvt,1
io-httpstcotpzcolkoo,1
io-httpstcovnjjktjb,1
io-last,1
io-unit,1
nowplay-aint,1
nowplay-be,1
io-httpstcoxwvfxqb,1
go-httpstcodswdlisrg,1
io-httpstcorwpyqsyk,1
io-httpstcofqndklqji,1
go-smooth,1
go-stock,1
go-store,1
go-stray,1
go-the,1
go-time,1
go-ufcuff,1
go-use,1
go-wsbtv,1
io-bill,1
io-httpstcoaflpyjb,1
io-httpstcocrvzzwiaj,1
io-httpstcofsroiowu,1
go-save,1
io-httpstcolwcoyfb,1
io-httpstcoqaynyqmpd,1
io-httpstcoteavjstxz,1
io-httpstcouonxqikmh,1
nowplay-am,1
nowplay-beauti,1
nowplay-belleruch,1
nowplay-benni,1
nowplay-blazo,1
nowplay-bodi,1
nowplay-calvin,1
nowplay-clock,1
go-show,1
go-person,1
io-httpstcoipoeqfnq,1
go-day,1
app-uuuuuuuuu,1
app-via,1
app-we,1
app-work,1
go-a,1
go-babi,1
go-baekhyun,1
go-blind,1
go-brilliant,1
go-brother,1
go-bugger,1
go-colleg,1
go-die,1
go-pair,1
go-everi,1
go-firstnamelastnam,1
go-hill,1
go-hipismo,1
go-home,1
go-hope,1
go-httpstcoklxexfaew,1
go-httpstcolwcdyviik,1
go-httpstcoxhffc,1
go-humbl,1
go-jail,1
go-keifer,1
nowplay-concret,1
nowplay-did,1
nowplay-ditma,1
play-jrs,1
play-georgett,1
play-get,1
play-golf,1
play-harvest,1
play-hero,1
play-httpstcoaruwqbyrjd,1
play-httpstcocfixnywnz,1
play-httpstcoecynrehyy,1
play-httpstcooftnnairqc,1
play-httpstcovwhivnfpiw,1
play-insomnia,1
play-itun,1
play-link,1
nowplay-fascin,1
play-picross,1
play-playlist,1
play-publish,1
play-stape,1
play-stream,1
play-what,1
search-amp,1
search-anyway,1
search-barnacl,1
search-bing,1
search-command,1
search-ddg,1
play-el,1
play-dragonc,1
play-book,1
play-badminton,1
nowplay-fking,1
nowplay-hand,1
nowplay-light,1
nowplay-locomot,1
nowplay-love,1
nowplay-low,1
nowplay-maroon,1
nowplay-miss,1
nowplay-music,1
nowplay-noth,1
nowplay-out,1
nowplay-outsid,1
nowplay-pump,1
nowplay-real,1
nowplay-renegad,1
nowplay-ride,1
nowplay-sean,1
nowplay-silk,1
nowplay-steve,1
nowplay-swan,1
nowplay-tomorrow,1
nowplay-vintag,1
nowplay-whyd,1
play-along,1
play-as,1
app-uub,1
app-remov,1
app-loom,1
amp-super,1
amp-mike,1
amp-mkt,1
amp-nicki,1
amp-parent,1
amp-peopl,1
amp-peter,1
amp-ragnbon,1
amp-readi,1
amp-robot,1
amp-snoop,1
amp-social,1
amp-stefflon,1
amp-th,1
android-httpstcoedpfqnoc,1
amp-up,1
amp-via,1
amp-wait,1
amp-youll,1
android-activar,1
android-browser,1
android-como,1
android-develop,1
android-en,1
android-httpstcobcnksvo,1
android-httpstcobjhpnzj,1
android-httpstcoclsimhjiyh,1
amp-march,1
amp-lot,1
amp-lancast,1
amp-keyr,1
amp-almost,1
amp-anthoni,1
amp-babi,1
amp-beyond,1
amp-career,1
amp-carnegiemellon,1
amp-con,1
amp-conf,1
amp-cultur,1
amp-dont,1
amp-earn,1
amp-euthanasia,1
amp-fit,1
amp-friend,1
amp-go,1
amp-healthi,1
amp-help,1
amp-honor,1
amp-httpstcocnaxejch,1
amp-httpstcotpackbvov,1
amp-huntingdon,1
amp-jimin,1
amp-jvzoo,1
amp-kati,1
amp-key,1
android-httpstcoeaohmmjmw,1
android-httpstcogqioqhwszn,1
app-kayo,1
app-httpstcongglhodiu,1
app-bscala,1
app-cash,1
app-deploy,1
app-doesnt,1
app-en,1
app-get,1
app-httpstcocalpxmivr,1
app-httpstcocgrxubii,1
app-httpstcodzujpfrikw,1
app-httpstcohjbaokut,1
app-httpstcohmrhdnj,1
app-httpstcolklsioowef,1
app-httpstconhrjodloji,1
android-httpstcohoybhvhi,1
app-httpstconjgyrqqau,1
app-httpstcoojfkorsvz,1
app-httpstcooswxdzjev,1
app-httpstcoqglvwtlqkw,1
app-httpstcoqnrqpebm,1
app-httpstcotayvjszhm,1
app-httpstcoydifsnotj,1
app-httpstcoyyoxrxgkp,1
app-httpstcoyywxrc,1
app-im,1
app-immedi,1
app-itun,1
app-breshun,1
app-block,1
app-anyway,1
android-waymo,1
android-httpstcojalwomi,1
android-httpstcojbgsmfbeo,1
android-httpstcojdzdmivaz,1
android-httpstcoldkcafgf,1
android-httpstcolrutvjld,1
android-httpstcombnmfhqv,1
android-httpstcomuxxmigio,1
android-httpstconcpcqowvfm,1
android-httpstcongtrvxfcpi,1
android-httpstconwbbnhkf,1
android-httpstconzystbik,1
android-httpstcopbvqezfwi,1
android-httpstcoplsyvgu,1
android-httpstcorjsyzgn,1
android-httpstcorqqbqnri,1
android-httpstcosefjuylrt,1
android-httpstcostzpzrz,1
android-httpstcosxgopmublk,1
android-httpstcotmvcgozr,1
android-httpstcouuvjygh,1
android-httpstcoxhajfkxhw,1
android-httpstcoyfmmynkj,1
android-httpstcoynmatgacvw,1
android-noticia,1
android-te,1
search-enlighten,1
search-flight,1
search-gay,1
app-httpstcogjchbglmj,1
app-afk,1
app-bcheng,1
app-chromebook,1
app-ever,1
app-googleplay,1
app-httpstcoaodypm,1
app-httpstcoasjmoxtjzk,1
app-httpstcobiypsdbtl,1
app-httpstcobvmisrin,1
app-httpstcobztyhsot,1
app-httpstcoeurwton,1
app-httpstcofgkwsw,1
app-httpstcognvefanu,1
app-httpstcosmnzzddb,1
app-httpstcohtupbwa,1
app-httpstcohzepfevmj,1
app-httpstcoivjtrdj,1
app-httpstcojqdkiph,1
app-httpstcojtjdwjxjj,1
app-httpstcojwnxfchmf,1
app-httpstcolrjywm,1
app-httpstcomjmilit,1
app-httpstcomprhvogyh,1
app-httpstconfizy,1
app-httpstconkgoohkz,1
app-httpstcoqabdegx,1
android-wallpap,1
android-secur,1
android-podcast,1
android-playstor,1
android-httpstcoaszmvwxuy,1
android-httpstcobeqyjzb,1
android-httpstcoccenevldfn,1
android-httpstcocpcjedyt,1
android-httpstcocrwzau,1
android-httpstcodvzlllpi,1
android-httpstcogwcvtfrab,1
android-httpstcokeqlmnlnz,1
android-httpstcolbrsieexnc,1
android-httpstcomunkhqnk,1
android-httpstcontypeaakx,1
android-httpstcornzjnlvjc,1
android-httpstcotsywmamz,1
android-httpstcotwmraiia,1
android-httpstcovecgvehv,1
android-httpstcovmnrbnkt,1
android-httpstcovochtftbg,1
android-httpstcovxaihbjj,1
android-httpstcowwwayyisq,1
android-httpstcoyqooepu,1
android-httpstcoysjedpgw,1
android-httpstcozgmjxtewx,1
android-indian,1
android-kitkat,1
android-letsgobuc,1
app-httpstcoqopsqyhjn,1
app-httpstcovfmuhxi,1
android-exclus,1
go-soon,1
go-listen,1
go-love,1
go-mile,1
go-much,1
go-nct,1
go-outsid,1
go-overtim,1
go-plant,1
go-play,1
go-saudi,1
go-share,1
go-sleep,1
go-start,1
app-httpstcowswsnnl,1
go-suho,1
go-t,1
go-taco,1
go-to,1
go-uffauff,1
go-ufuf,1
go-vp,1
go-way,1
go-word,1
go-you,1
go-zerotolaunch,1
io-extend,1
go-list,1
go-larger,1
go-httpstcoxzizniii,1
go-httpstconadyilmpv,1
app-httpstcoxppgumzkp,1
app-httpstcoybteyyc,1
app-iphon,1
app-ive,1
app-look,1
app-on,1
app-report,1
app-scienc,1
app-show,1
app-top,1
app-waymo,1
go-ask,1
go-awesom,1
go-broke,1
go-busi,1
go-cheer,1
go-church,1
go-crazi,1
go-far,1
go-fellow,1
go-fill,1
go-granular,1
go-httpstcoamgsdybet,1
go-httpstcodnxbvckcb,1
amp-allspic,1
android-get,1
android-con,1
search-go,1
use-httpstcojqpvwiya,1
use-big,1
use-book,1
use-call,1
use-case,1
use-client,1
use-commod,1
use-devic,1
use-easi,1
use-exclus,1
use-free,1
use-googlestackoverflow,1
use-gps,1
use-instead,1
use-special,1
use-intuit,1
use-ive,1
use-link,1
use-need,1
use-night,1
use-origin,1
use-plain,1
use-poster,1
use-provid,1
use-reason,1
use-school,1
use-search,1
use-beatl,1
use-assumpt,1
use-askjeev,1
use-app,1
search-heh,1
search-hour,1
search-httpstcoassinpzn,1
search-httpstcomgwetbeof,1
search-httpstcouatufv,1
search-httpstcouqjkrdiy,1
search-interestinggggggg,1
search-kyle,1
search-learn,1
search-lmao,1
search-mallori,1
search-meant,1
search-modul,1
search-new,1
search-odn,1
search-probabl,1
search-problem,1
search-question,1
search-say,1
search-shit,1
search-truli,1
search-u,1
search-visitor,1
search-white,1
use-abl,1
use-someon,1
use-teleseminar,1
android-ad,1
amp-say,1
amp-httpstcozecwwngrav,1
amp-improv,1
amp-linquist,1
amp-martial,1
amp-nfa,1
amp-outlook,1
amp-platform,1
amp-platinumjon,1
amp-pleas,1
amp-privaci,1
amp-reader,1
amp-regga,1
amp-second,1
use-the,1
amp-senat,1
amp-sidewalklab,1
amp-someon,1
amp-son,1
amp-store,1
amp-success,1
amp-suggest,1
amp-support,1
amp-theyd,1
amp-tipto,1
amp-under,1
amp-wine,1
amp-httpstcovfxmyskh,1
amp-httpstcorjxshjnkz,1
amp-httpstcopwyxgk,1
amp-httpstcoejhiojfix,1
use-tpu,1
use-tweet,1
use-use,1
use-visual,1
use-web,1
use-yahoo,1
use-yesterday,1
use-your,1
amp-alex,1
amp-amp,1
amp-art,1
amp-articl,1
amp-automobil,1
amp-boy,1
amp-bunnybal,1
amp-burro,1
amp-cigarett,1
amp-colin,1
amp-colleg,1
amp-confid,1
amp-dam,1
amp-ecommerc,1
amp-got,1
amp-grow,1
amp-httpstcoadjakcfq,1
use-yet,1
